NAME,REFRESH_END_TIME,STALENESS_AT_DONE_SEC,DURATION_SEC,STATE
QUOTES_IT,2026-06-16 02:37:42.383 -0700,1,1,SUCCEEDED
QUOTES_DAILY_IT,2026-06-16 03:12:39.186 -0700,6,5,SUCCEEDED
QUOTES_DAILY_IT,2026-06-16 03:13:25.672 -0700,4,3,SUCCEEDED
QUOTES_DAILY_IT,2026-06-16 03:14:15.087 -0700,6,5,SUCCEEDED
QUOTES_DAILY_IT,2026-06-16 03:15:04.633 -0700,7,6,SUCCEEDED
QUOTES_DAILY_IT,2026-06-16 03:15:53.283 -0700,8,7,SUCCEEDED
QUOTES_IT,2026-06-16 03:15:56.322 -0700,59,58,SUCCEEDED
QUOTES_DAILY_IT,2026-06-16 03:16:42.729 -0700,9,8,SUCCEEDED
QUOTES_DAILY_IT,2026-06-16 03:17:32.247 -0700,11,10,SUCCEEDED
QUOTES_DAILY_IT,2026-06-16 03:18:21.147 -0700,12,11,SUCCEEDED
QUOTES_DAILY_IT,2026-06-16 03:19:10.879 -0700,13,12,SUCCEEDED
QUOTES_DAILY_IT,2026-06-16 03:20:00.053 -0700,15,13,SUCCEEDED
QUOTES_DAILY_IT,2026-06-16 03:20:49.277 -0700,16,15,SUCCEEDED
QUOTES_DAILY_IT,2026-06-16 03:21:38.050 -0700,17,16,SUCCEEDED
QUOTES_DAILY_IT,2026-06-16 03:22:27.400 -0700,18,17,SUCCEEDED
QUOTES_DAILY_IT,2026-06-16 03:23:17.157 -0700,20,19,SUCCEEDED
QUOTES_IT,2026-06-16 03:23:42.874 -0700,141,141,SUCCEEDED
QUOTES_DAILY_IT,2026-06-16 03:24:06.237 -0700,21,20,SUCCEEDED
QUOTES_DAILY_IT,2026-06-16 03:24:57.396 -0700,24,21,SUCCEEDED
QUOTES_DAILY_IT,2026-06-16 03:25:43.375 -0700,22,20,SUCCEEDED
QUOTES_DAILY_IT,2026-06-16 03:26:16.811 -0700,7,7,SUCCEEDED
QUOTES_DAILY_IT,2026-06-16 03:27:07.021 -0700,10,8,SUCCEEDED
QUOTES_DAILY_IT,2026-06-16 03:27:55.787 -0700,10,9,SUCCEEDED
QUOTES_DAILY_IT,2026-06-16 03:28:45.159 -0700,12,11,SUCCEEDED
QUOTES_DAILY_IT,2026-06-16 03:29:35.228 -0700,14,12,SUCCEEDED
QUOTES_IT,2026-06-16 03:30:03.948 -0700,139,137,SUCCEEDED
QUOTES_DAILY_IT,2026-06-16 03:30:23.824 -0700,14,13,SUCCEEDED
QUOTES_DAILY_IT,2026-06-16 03:31:12.829 -0700,15,15,SUCCEEDED
QUOTES_DAILY_IT,2026-06-16 03:32:02.642 -0700,17,16,SUCCEEDED
QUOTES_DAILY_IT,2026-06-16 03:32:51.234 -0700,18,17,SUCCEEDED
QUOTES_DAILY_IT,2026-06-16 03:33:41.133 -0700,20,18,SUCCEEDED
QUOTES_DAILY_IT,2026-06-16 03:34:29.891 -0700,21,19,SUCCEEDED
QUOTES_DAILY_IT,2026-06-16 03:35:19.560 -0700,22,21,SUCCEEDED
QUOTES_DAILY_IT,2026-06-16 03:36:09.435 -0700,24,23,SUCCEEDED
QUOTES_IT,2026-06-16 03:36:42.658 -0700,153,152,SUCCEEDED
QUOTES_DAILY_IT,2026-06-16 03:36:57.777 -0700,24,23,SUCCEEDED
QUOTES_DAILY_IT,2026-06-16 03:37:48.561 -0700,27,26,SUCCEEDED
QUOTES_DAILY_IT,2026-06-16 03:38:19.753 -0700,10,9,SUCCEEDED
QUOTES_DAILY_IT,2026-06-16 03:39:08.782 -0700,11,10,SUCCEEDED
QUOTES_DAILY_IT,2026-06-16 03:39:57.623 -0700,12,11,SUCCEEDED
QUOTES_DAILY_IT,2026-06-16 03:40:47.432 -0700,14,13,SUCCEEDED
QUOTES_DAILY_IT,2026-06-16 03:41:36.423 -0700,15,14,SUCCEEDED
QUOTES_DAILY_IT,2026-06-16 03:42:26.014 -0700,17,16,SUCCEEDED
QUOTES_IT,2026-06-16 03:42:54.173 -0700,141,139,SUCCEEDED
QUOTES_DAILY_IT,2026-06-16 03:43:15.552 -0700,18,17,SUCCEEDED
QUOTES_DAILY_IT,2026-06-16 03:44:05.093 -0700,20,18,SUCCEEDED
QUOTES_DAILY_IT,2026-06-16 03:44:53.703 -0700,20,19,SUCCEEDED
QUOTES_DAILY_IT,2026-06-16 03:45:43.468 -0700,22,20,SUCCEEDED
QUOTES_DAILY_IT,2026-06-16 03:46:31.919 -0700,23,22,SUCCEEDED
QUOTES_DAILY_IT,2026-06-16 03:47:21.333 -0700,24,23,SUCCEEDED
QUOTES_DAILY_IT,2026-06-16 03:47:57.236 -0700,12,11,SUCCEEDED
QUOTES_DAILY_IT,2026-06-16 03:48:47.325 -0700,14,12,SUCCEEDED
QUOTES_IT,2026-06-16 03:49:18.467 -0700,141,140,SUCCEEDED
QUOTES_DAILY_IT,2026-06-16 03:49:35.902 -0700,15,13,SUCCEEDED
QUOTES_DAILY_IT,2026-06-16 03:50:25.164 -0700,16,15,SUCCEEDED
QUOTES_DAILY_IT,2026-06-16 03:51:15.657 -0700,18,17,SUCCEEDED
QUOTES_DAILY_IT,2026-06-16 03:52:04.819 -0700,19,18,SUCCEEDED
QUOTES_DAILY_IT,2026-06-16 03:52:53.781 -0700,20,19,SUCCEEDED
QUOTES_DAILY_IT,2026-06-16 03:53:43.518 -0700,22,21,SUCCEEDED
QUOTES_DAILY_IT,2026-06-16 03:54:33.108 -0700,24,22,SUCCEEDED
QUOTES_DAILY_IT,2026-06-16 03:55:21.518 -0700,24,23,SUCCEEDED
QUOTES_IT,2026-06-16 03:55:47.668 -0700,146,145,SUCCEEDED
QUOTES_DAILY_IT,2026-06-16 03:56:11.092 -0700,26,25,SUCCEEDED
QUOTES_DAILY_IT,2026-06-16 03:57:00.180 -0700,27,26,SUCCEEDED
QUOTES_DAILY_IT,2026-06-16 03:57:49.186 -0700,28,27,SUCCEEDED
QUOTES_DAILY_IT,2026-06-16 03:58:23.956 -0700,15,14,SUCCEEDED
QUOTES_DAILY_IT,2026-06-16 03:59:13.454 -0700,16,15,SUCCEEDED
QUOTES_DAILY_IT,2026-06-16 04:00:03.595 -0700,18,17,SUCCEEDED
QUOTES_DAILY_IT,2026-06-16 04:00:52.073 -0700,19,17,SUCCEEDED
QUOTES_DAILY_IT,2026-06-16 04:01:42.692 -0700,21,20,SUCCEEDED
QUOTES_IT,2026-06-16 04:02:12.459 -0700,147,146,SUCCEEDED
QUOTES_DAILY_IT,2026-06-16 04:02:30.433 -0700,21,20,SUCCEEDED
QUOTES_DAILY_IT,2026-06-16 04:03:19.720 -0700,22,21,SUCCEEDED
QUOTES_DAILY_IT,2026-06-16 04:04:10.199 -0700,25,23,SUCCEEDED
QUOTES_DAILY_IT,2026-06-16 04:04:59.651 -0700,26,25,SUCCEEDED
QUOTES_DAILY_IT,2026-06-16 04:05:47.985 -0700,27,25,SUCCEEDED
QUOTES_DAILY_IT,2026-06-16 04:06:37.387 -0700,28,27,SUCCEEDED
QUOTES_DAILY_IT,2026-06-16 04:07:27.201 -0700,30,29,SUCCEEDED
QUOTES_DAILY_IT,2026-06-16 04:08:16.264 -0700,31,29,SUCCEEDED
QUOTES_IT,2026-06-16 04:08:31.239 -0700,142,141,SUCCEEDED
QUOTES_DAILY_IT,2026-06-16 04:09:04.335 -0700,31,30,SUCCEEDED
QUOTES_DAILY_IT,2026-06-16 04:09:53.465 -0700,32,31,SUCCEEDED
QUOTES_DAILY_IT,2026-06-16 04:10:27.469 -0700,18,17,SUCCEEDED
QUOTES_DAILY_IT,2026-06-16 04:11:16.041 -0700,19,18,SUCCEEDED
QUOTES_DAILY_IT,2026-06-16 04:12:06.121 -0700,21,19,SUCCEEDED
QUOTES_DAILY_IT,2026-06-16 04:12:54.989 -0700,22,20,SUCCEEDED
QUOTES_DAILY_IT,2026-06-16 04:13:44.681 -0700,23,22,SUCCEEDED
QUOTES_DAILY_IT,2026-06-16 04:14:34.318 -0700,25,24,SUCCEEDED
QUOTES_IT,2026-06-16 04:14:53.387 -0700,140,139,SUCCEEDED
QUOTES_DAILY_IT,2026-06-16 04:15:22.820 -0700,25,24,SUCCEEDED
QUOTES_DAILY_IT,2026-06-16 04:16:12.055 -0700,27,26,SUCCEEDED
QUOTES_DAILY_IT,2026-06-16 04:17:02.803 -0700,29,28,SUCCEEDED
QUOTES_DAILY_IT,2026-06-16 04:17:50.874 -0700,29,28,SUCCEEDED
QUOTES_DAILY_IT,2026-06-16 04:18:40.707 -0700,31,30,SUCCEEDED
QUOTES_DAILY_IT,2026-06-16 04:19:30.510 -0700,33,32,SUCCEEDED
QUOTES_DAILY_IT,2026-06-16 04:20:19.520 -0700,34,33,SUCCEEDED
QUOTES_DAILY_IT,2026-06-16 04:20:53.058 -0700,20,19,SUCCEEDED
QUOTES_IT,2026-06-16 04:21:22.802 -0700,145,144,SUCCEEDED
QUOTES_DAILY_IT,2026-06-16 04:21:42.259 -0700,21,20,SUCCEEDED
QUOTES_DAILY_IT,2026-06-16 04:22:31.832 -0700,22,21,SUCCEEDED
QUOTES_DAILY_IT,2026-06-16 04:23:21.479 -0700,24,23,SUCCEEDED
QUOTES_DAILY_IT,2026-06-16 04:24:10.305 -0700,25,24,SUCCEEDED
QUOTES_DAILY_IT,2026-06-16 04:25:00.124 -0700,27,26,SUCCEEDED
QUOTES_DAILY_IT,2026-06-16 04:25:49.037 -0700,28,26,SUCCEEDED
QUOTES_DAILY_IT,2026-06-16 04:26:38.630 -0700,29,28,SUCCEEDED
QUOTES_DAILY_IT,2026-06-16 04:27:27.674 -0700,30,29,SUCCEEDED
QUOTES_IT,2026-06-16 04:27:50.968 -0700,150,148,SUCCEEDED
QUOTES_DAILY_IT,2026-06-16 04:28:16.855 -0700,31,31,SUCCEEDED
QUOTES_DAILY_IT,2026-06-16 04:29:05.582 -0700,32,31,SUCCEEDED
QUOTES_DAILY_IT,2026-06-16 04:29:56.024 -0700,35,33,SUCCEEDED
QUOTES_DAILY_IT,2026-06-16 04:30:31.733 -0700,22,21,SUCCEEDED
QUOTES_DAILY_IT,2026-06-16 04:31:20.708 -0700,23,22,SUCCEEDED
QUOTES_DAILY_IT,2026-06-16 04:32:09.806 -0700,24,24,SUCCEEDED
QUOTES_DAILY_IT,2026-06-16 04:32:59.805 -0700,26,26,SUCCEEDED
QUOTES_DAILY_IT,2026-06-16 04:33:48.662 -0700,27,26,SUCCEEDED
QUOTES_IT,2026-06-16 04:34:11.124 -0700,146,145,SUCCEEDED
QUOTES_DAILY_IT,2026-06-16 04:35:44.452 -0700,95,33,SUCCEEDED
QUOTES_DAILY_IT,2026-06-16 04:36:16.150 -0700,31,30,SUCCEEDED
QUOTES_DAILY_IT,2026-06-16 04:37:06.158 -0700,33,32,SUCCEEDED
QUOTES_DAILY_IT,2026-06-16 04:37:56.103 -0700,35,34,SUCCEEDED
QUOTES_DAILY_IT,2026-06-16 04:38:45.613 -0700,36,34,SUCCEEDED
QUOTES_DAILY_IT,2026-06-16 04:39:35.283 -0700,38,37,SUCCEEDED
QUOTES_DAILY_IT,2026-06-16 04:40:09.391 -0700,24,23,SUCCEEDED
QUOTES_IT,2026-06-16 04:40:31.914 -0700,143,141,SUCCEEDED
QUOTES_DAILY_IT,2026-06-16 04:40:58.729 -0700,25,24,SUCCEEDED
QUOTES_DAILY_IT,2026-06-16 04:41:47.935 -0700,27,25,SUCCEEDED
QUOTES_DAILY_IT,2026-06-16 04:42:38.801 -0700,29,28,SUCCEEDED
QUOTES_DAILY_IT,2026-06-16 04:43:29.184 -0700,32,29,SUCCEEDED
QUOTES_DAILY_IT,2026-06-16 04:44:16.000 -0700,31,30,SUCCEEDED
QUOTES_DAILY_IT,2026-06-16 04:45:04.910 -0700,32,31,SUCCEEDED
QUOTES_DAILY_IT,2026-06-16 04:45:54.326 -0700,33,32,SUCCEEDED
QUOTES_DAILY_IT,2026-06-16 04:46:44.170 -0700,35,34,SUCCEEDED
QUOTES_IT,2026-06-16 04:46:58.922 -0700,146,145,SUCCEEDED
QUOTES_DAILY_IT,2026-06-16 04:47:34.371 -0700,37,36,SUCCEEDED
QUOTES_DAILY_IT,2026-06-16 04:48:23.721 -0700,38,37,SUCCEEDED
QUOTES_DAILY_IT,2026-06-16 04:49:11.887 -0700,38,38,SUCCEEDED
QUOTES_DAILY_IT,2026-06-16 04:50:02.045 -0700,41,39,SUCCEEDED
QUOTES_DAILY_IT,2026-06-16 04:50:50.782 -0700,41,40,SUCCEEDED
QUOTES_DAILY_IT,2026-06-16 04:51:23.681 -0700,26,25,SUCCEEDED
QUOTES_DAILY_IT,2026-06-16 04:52:14.076 -0700,29,27,SUCCEEDED
QUOTES_DAILY_IT,2026-06-16 04:53:02.004 -0700,29,28,SUCCEEDED
QUOTES_IT,2026-06-16 04:53:25.358 -0700,148,147,SUCCEEDED
QUOTES_DAILY_IT,2026-06-16 04:53:51.159 -0700,30,29,SUCCEEDED
QUOTES_DAILY_IT,2026-06-16 04:54:41.039 -0700,32,30,SUCCEEDED
QUOTES_DAILY_IT,2026-06-16 04:55:30.393 -0700,33,32,SUCCEEDED
QUOTES_DAILY_IT,2026-06-16 04:56:20.550 -0700,35,34,SUCCEEDED
QUOTES_DAILY_IT,2026-06-16 04:57:09.482 -0700,36,35,SUCCEEDED
QUOTES_DAILY_IT,2026-06-16 04:57:58.262 -0700,37,36,SUCCEEDED
QUOTES_DAILY_IT,2026-06-16 04:58:47.570 -0700,38,37,SUCCEEDED
QUOTES_DAILY_IT,2026-06-16 04:59:37.119 -0700,40,39,SUCCEEDED
QUOTES_IT,2026-06-16 04:59:47.491 -0700,146,145,SUCCEEDED
QUOTES_DAILY_IT,2026-06-16 05:00:26.403 -0700,41,40,SUCCEEDED
QUOTES_DAILY_IT,2026-06-16 05:01:17.451 -0700,44,42,SUCCEEDED
QUOTES_DAILY_IT,2026-06-16 05:02:13.877 -0700,52,51,SUCCEEDED
QUOTES_DAILY_IT,2026-06-16 05:03:28.137 -0700,31,30,SUCCEEDED
QUOTES_DAILY_IT,2026-06-16 05:04:18.337 -0700,33,32,SUCCEEDED
QUOTES_DAILY_IT,2026-06-16 05:05:06.338 -0700,33,32,SUCCEEDED
QUOTES_DAILY_IT,2026-06-16 05:05:56.327 -0700,35,34,SUCCEEDED
QUOTES_IT,2026-06-16 05:06:08.714 -0700,143,142,SUCCEEDED
QUOTES_DAILY_IT,2026-06-16 05:06:45.673 -0700,36,35,SUCCEEDED
QUOTES_DAILY_IT,2026-06-16 05:07:35.277 -0700,38,37,SUCCEEDED
QUOTES_DAILY_IT,2026-06-16 05:08:25.215 -0700,40,39,SUCCEEDED
QUOTES_DAILY_IT,2026-06-16 05:09:14.358 -0700,41,40,SUCCEEDED
QUOTES_DAILY_IT,2026-06-16 05:10:04.258 -0700,43,42,SUCCEEDED
QUOTES_DAILY_IT,2026-06-16 05:10:53.181 -0700,44,43,SUCCEEDED
QUOTES_DAILY_IT,2026-06-16 05:11:42.209 -0700,45,44,SUCCEEDED
QUOTES_DAILY_IT,2026-06-16 05:12:31.397 -0700,46,45,SUCCEEDED
QUOTES_IT,2026-06-16 05:12:34.985 -0700,146,144,SUCCEEDED
QUOTES_DAILY_IT,2026-06-16 05:13:21.650 -0700,48,47,SUCCEEDED
QUOTES_DAILY_IT,2026-06-16 05:13:53.070 -0700,32,30,SUCCEEDED
QUOTES_DAILY_IT,2026-06-16 05:14:42.724 -0700,33,33,SUCCEEDED
QUOTES_DAILY_IT,2026-06-16 05:15:32.258 -0700,35,34,SUCCEEDED
QUOTES_DAILY_IT,2026-06-16 05:16:21.491 -0700,36,35,SUCCEEDED
QUOTES_DAILY_IT,2026-06-16 05:17:10.279 -0700,37,36,SUCCEEDED
QUOTES_DAILY_IT,2026-06-16 05:17:59.697 -0700,38,37,SUCCEEDED
QUOTES_DAILY_IT,2026-06-16 05:18:48.668 -0700,39,38,SUCCEEDED
QUOTES_IT,2026-06-16 05:18:51.937 -0700,139,137,SUCCEEDED
QUOTES_DAILY_IT,2026-06-16 05:19:38.330 -0700,41,40,SUCCEEDED
QUOTES_DAILY_IT,2026-06-16 05:20:27.719 -0700,42,41,SUCCEEDED
QUOTES_DAILY_IT,2026-06-16 05:21:16.618 -0700,43,42,SUCCEEDED
QUOTES_DAILY_IT,2026-06-16 05:22:06.440 -0700,45,44,SUCCEEDED
QUOTES_DAILY_IT,2026-06-16 05:22:55.919 -0700,47,46,SUCCEEDED
QUOTES_DAILY_IT,2026-06-16 05:23:46.858 -0700,49,48,SUCCEEDED
QUOTES_DAILY_IT,2026-06-16 05:25:08.808 -0700,35,34,SUCCEEDED
QUOTES_IT,2026-06-16 05:25:29.012 -0700,152,151,SUCCEEDED
QUOTES_DAILY_IT,2026-06-16 05:25:57.349 -0700,36,35,SUCCEEDED
QUOTES_DAILY_IT,2026-06-16 05:26:46.952 -0700,38,37,SUCCEEDED
QUOTES_DAILY_IT,2026-06-16 05:27:36.928 -0700,40,38,SUCCEEDED
QUOTES_DAILY_IT,2026-06-16 05:28:25.676 -0700,40,39,SUCCEEDED
QUOTES_DAILY_IT,2026-06-16 05:29:14.966 -0700,42,41,SUCCEEDED
QUOTES_DAILY_IT,2026-06-16 05:30:05.737 -0700,44,43,SUCCEEDED
QUOTES_DAILY_IT,2026-06-16 05:30:54.340 -0700,45,44,SUCCEEDED
QUOTES_DAILY_IT,2026-06-16 05:31:44.785 -0700,47,46,SUCCEEDED
QUOTES_IT,2026-06-16 05:31:53.079 -0700,152,151,SUCCEEDED
QUOTES_DAILY_IT,2026-06-16 05:32:33.805 -0700,48,47,SUCCEEDED
QUOTES_DAILY_IT,2026-06-16 05:33:22.338 -0700,49,48,SUCCEEDED
QUOTES_DAILY_IT,2026-06-16 05:34:13.240 -0700,52,51,SUCCEEDED
QUOTES_DAILY_IT,2026-06-16 05:35:51.414 -0700,54,53,SUCCEEDED
QUOTES_DAILY_IT,2026-06-16 05:37:12.902 -0700,40,39,SUCCEEDED
QUOTES_DAILY_IT,2026-06-16 05:38:03.031 -0700,42,40,SUCCEEDED
QUOTES_IT,2026-06-16 05:38:16.577 -0700,151,151,SUCCEEDED
QUOTES_DAILY_IT,2026-06-16 05:38:52.165 -0700,43,41,SUCCEEDED
QUOTES_DAILY_IT,2026-06-16 05:39:41.712 -0700,44,43,SUCCEEDED
QUOTES_DAILY_IT,2026-06-16 05:40:31.811 -0700,46,46,SUCCEEDED
QUOTES_DAILY_IT,2026-06-16 05:41:21.681 -0700,48,47,SUCCEEDED
QUOTES_DAILY_IT,2026-06-16 05:42:10.287 -0700,49,48,SUCCEEDED
QUOTES_DAILY_IT,2026-06-16 05:43:00.066 -0700,51,50,SUCCEEDED
QUOTES_DAILY_IT,2026-06-16 05:44:39.058 -0700,54,52,SUCCEEDED
QUOTES_IT,2026-06-16 05:44:43.756 -0700,154,153,SUCCEEDED
QUOTES_DAILY_IT,2026-06-16 05:46:16.319 -0700,55,54,SUCCEEDED
QUOTES_DAILY_IT,2026-06-16 05:47:54.550 -0700,57,56,SUCCEEDED
QUOTES_DAILY_IT,2026-06-16 05:49:17.058 -0700,44,43,SUCCEEDED
QUOTES_DAILY_IT,2026-06-16 05:50:06.659 -0700,45,44,SUCCEEDED
QUOTES_DAILY_IT,2026-06-16 05:50:55.902 -0700,47,46,SUCCEEDED
QUOTES_IT,2026-06-16 05:50:59.849 -0700,146,145,SUCCEEDED
QUOTES_DAILY_IT,2026-06-16 05:51:45.489 -0700,48,47,SUCCEEDED
QUOTES_DAILY_IT,2026-06-16 05:52:35.603 -0700,50,49,SUCCEEDED
QUOTES_DAILY_IT,2026-06-16 05:54:15.158 -0700,54,53,SUCCEEDED
QUOTES_DAILY_IT,2026-06-16 05:55:52.131 -0700,55,53,SUCCEEDED
QUOTES_DAILY_IT,2026-06-16 05:57:32.708 -0700,59,58,SUCCEEDED
QUOTES_IT,2026-06-16 05:57:33.245 -0700,156,154,SUCCEEDED
QUOTES_DAILY_IT,2026-06-16 05:59:51.318 -0700,102,101,SUCCEEDED
QUOTES_DAILY_IT,2026-06-16 06:02:37.471 -0700,76,75,SUCCEEDED
QUOTES_IT,2026-06-16 06:03:52.165 -0700,151,149,SUCCEEDED
QUOTES_DAILY_IT,2026-06-16 06:04:06.835 -0700,69,68,SUCCEEDED
QUOTES_DAILY_IT,2026-06-16 06:05:55.778 -0700,82,81,SUCCEEDED
QUOTES_DAILY_IT,2026-06-16 06:07:05.584 -0700,56,55,SUCCEEDED
QUOTES_DAILY_IT,2026-06-16 06:09:20.167 -0700,95,94,SUCCEEDED
QUOTES_IT,2026-06-16 06:10:13.587 -0700,148,147,SUCCEEDED
QUOTES_DAILY_IT,2026-06-16 06:11:52.440 -0700,151,150,SUCCEEDED
QUOTES_DAILY_IT,2026-06-16 06:15:08.418 -0700,59,58,SUCCEEDED
QUOTES_IT,2026-06-16 06:16:36.735 -0700,147,146,SUCCEEDED
QUOTES_DAILY_IT,2026-06-16 06:16:43.518 -0700,58,57,SUCCEEDED
QUOTES_DAILY_IT,2026-06-16 06:18:55.554 -0700,94,93,SUCCEEDED
QUOTES_DAILY_IT,2026-06-16 06:21:07.994 -0700,131,129,SUCCEEDED
QUOTES_IT,2026-06-16 06:22:57.047 -0700,144,142,SUCCEEDED
QUOTES_DAILY_IT,2026-06-16 06:23:23.647 -0700,74,73,SUCCEEDED
QUOTES_DAILY_IT,2026-06-16 06:24:39.666 -0700,54,53,SUCCEEDED
QUOTES_DAILY_IT,2026-06-16 06:26:16.360 -0700,55,54,SUCCEEDED
QUOTES_DAILY_IT,2026-06-16 06:27:54.158 -0700,57,56,SUCCEEDED
QUOTES_DAILY_IT,2026-06-16 06:29:32.728 -0700,59,58,SUCCEEDED
QUOTES_IT,2026-06-16 06:29:32.853 -0700,155,155,SUCCEEDED
QUOTES_DAILY_IT,2026-06-16 06:31:37.995 -0700,89,87,SUCCEEDED
QUOTES_DAILY_IT,2026-06-16 06:32:52.630 -0700,67,66,SUCCEEDED
QUOTES_DAILY_IT,2026-06-16 06:34:28.881 -0700,67,66,SUCCEEDED
QUOTES_IT,2026-06-16 06:35:42.429 -0700,141,140,SUCCEEDED
QUOTES_DAILY_IT,2026-06-16 06:35:52.215 -0700,55,53,SUCCEEDED
QUOTES_DAILY_IT,2026-06-16 06:37:45.384 -0700,72,71,SUCCEEDED
QUOTES_DAILY_IT,2026-06-16 06:39:28.248 -0700,79,77,SUCCEEDED
QUOTES_DAILY_IT,2026-06-16 06:41:49.056 -0700,124,122,SUCCEEDED
QUOTES_IT,2026-06-16 06:42:14.456 -0700,149,148,SUCCEEDED
QUOTES_DAILY_IT,2026-06-16 06:44:14.252 -0700,77,76,SUCCEEDED
QUOTES_DAILY_IT,2026-06-16 06:45:27.963 -0700,55,54,SUCCEEDED
QUOTES_DAILY_IT,2026-06-16 06:47:26.035 -0700,77,74,SUCCEEDED
QUOTES_IT,2026-06-16 06:48:28.905 -0700,140,137,SUCCEEDED
QUOTES_DAILY_IT,2026-06-16 06:48:46.656 -0700,61,60,SUCCEEDED
QUOTES_DAILY_IT,2026-06-16 06:51:14.230 -0700,113,112,SUCCEEDED
QUOTES_DAILY_IT,2026-06-16 06:54:28.515 -0700,115,114,SUCCEEDED
QUOTES_IT,2026-06-16 06:54:39.656 -0700,126,125,SUCCEEDED
QUOTES_DAILY_IT,2026-06-16 06:57:42.947 -0700,118,116,SUCCEEDED
QUOTES_DAILY_IT,2026-06-16 07:00:11.749 -0700,74,73,SUCCEEDED
QUOTES_IT,2026-06-16 07:01:16.801 -0700,139,138,SUCCEEDED
QUOTES_DAILY_IT,2026-06-16 07:01:58.148 -0700,85,75,SUCCEEDED
QUOTES_DAILY_IT,2026-06-16 07:03:18.805 -0700,69,68,SUCCEEDED
QUOTES_DAILY_IT,2026-06-16 07:05:56.646 -0700,131,130,SUCCEEDED
QUOTES_IT,2026-06-16 07:07:21.032 -0700,120,119,SUCCEEDED
QUOTES_DAILY_IT,2026-06-16 07:09:27.499 -0700,150,149,SUCCEEDED
QUOTES_DAILY_IT,2026-06-16 07:13:01.876 -0700,76,75,SUCCEEDED
QUOTES_IT,2026-06-16 07:14:03.979 -0700,139,138,SUCCEEDED
QUOTES_DAILY_IT,2026-06-16 07:15:28.690 -0700,127,126,SUCCEEDED
QUOTES_DAILY_IT,2026-06-16 07:18:55.321 -0700,142,141,SUCCEEDED
QUOTES_IT,2026-06-16 07:20:30.218 -0700,141,140,SUCCEEDED
QUOTES_DAILY_IT,2026-06-16 07:21:06.112 -0700,81,79,SUCCEEDED
QUOTES_DAILY_IT,2026-06-16 07:22:44.657 -0700,83,82,SUCCEEDED
QUOTES_DAILY_IT,2026-06-16 07:24:24.893 -0700,88,87,SUCCEEDED
QUOTES_DAILY_IT,2026-06-16 07:26:07.050 -0700,94,93,SUCCEEDED
QUOTES_IT,2026-06-16 07:27:04.659 -0700,151,150,SUCCEEDED
QUOTES_DAILY_IT,2026-06-16 07:27:55.714 -0700,106,105,SUCCEEDED
QUOTES_DAILY_IT,2026-06-16 07:31:30.189 -0700,129,128,SUCCEEDED
QUOTES_IT,2026-06-16 07:33:28.155 -0700,151,149,SUCCEEDED
QUOTES_DAILY_IT,2026-06-16 07:34:15.889 -0700,102,101,SUCCEEDED
QUOTES_DAILY_IT,2026-06-16 07:37:27.805 -0700,102,101,SUCCEEDED
QUOTES_IT,2026-06-16 07:39:56.677 -0700,155,154,SUCCEEDED
QUOTES_DAILY_IT,2026-06-16 07:41:05.444 -0700,128,127,SUCCEEDED
QUOTES_DAILY_IT,2026-06-16 07:43:33.513 -0700,84,82,SUCCEEDED
QUOTES_DAILY_IT,2026-06-16 07:45:21.706 -0700,96,96,SUCCEEDED
QUOTES_IT,2026-06-16 07:46:14.723 -0700,149,149,SUCCEEDED
QUOTES_DAILY_IT,2026-06-16 07:47:10.047 -0700,109,108,SUCCEEDED
QUOTES_DAILY_IT,2026-06-16 07:50:54.004 -0700,141,139,SUCCEEDED
QUOTES_IT,2026-06-16 07:52:45.064 -0700,156,154,SUCCEEDED
QUOTES_DAILY_IT,2026-06-16 07:54:33.442 -0700,168,167,SUCCEEDED
QUOTES_DAILY_IT,2026-06-16 07:58:15.679 -0700,102,101,SUCCEEDED
QUOTES_IT,2026-06-16 07:59:05.753 -0700,152,152,SUCCEEDED
QUOTES_DAILY_IT,2026-06-16 08:01:49.737 -0700,124,123,SUCCEEDED
QUOTES_DAILY_IT,2026-06-16 08:04:40.494 -0700,103,102,SUCCEEDED
QUOTES_IT,2026-06-16 08:05:33.604 -0700,156,155,SUCCEEDED
QUOTES_DAILY_IT,2026-06-16 08:07:35.039 -0700,86,84,SUCCEEDED
QUOTES_DAILY_IT,2026-06-16 08:09:31.860 -0700,106,105,SUCCEEDED
QUOTES_IT,2026-06-16 08:11:54.760 -0700,153,153,SUCCEEDED
QUOTES_DAILY_IT,2026-06-16 08:13:08.487 -0700,131,130,SUCCEEDED
QUOTES_DAILY_IT,2026-06-16 08:17:04.884 -0700,175,174,SUCCEEDED
QUOTES_IT,2026-06-16 08:18:16.190 -0700,151,150,SUCCEEDED
QUOTES_DAILY_IT,2026-06-16 08:20:34.105 -0700,97,96,SUCCEEDED
QUOTES_DAILY_IT,2026-06-16 08:22:25.064 -0700,112,110,SUCCEEDED
QUOTES_IT,2026-06-16 08:24:45.518 -0700,156,155,SUCCEEDED
QUOTES_DAILY_IT,2026-06-16 08:26:03.893 -0700,139,138,SUCCEEDED
QUOTES_DAILY_IT,2026-06-16 08:29:55.936 -0700,179,178,SUCCEEDED
QUOTES_IT,2026-06-16 08:31:09.600 -0700,156,155,SUCCEEDED
QUOTES_DAILY_IT,2026-06-16 08:33:40.299 -0700,115,114,SUCCEEDED
QUOTES_IT,2026-06-16 08:37:32.993 -0700,156,154,SUCCEEDED
QUOTES_DAILY_IT,2026-06-16 08:37:42.477 -0700,165,164,SUCCEEDED
QUOTES_DAILY_IT,2026-06-16 08:39:28.746 -0700,79,78,SUCCEEDED
QUOTES_DAILY_IT,2026-06-16 08:41:21.467 -0700,96,95,SUCCEEDED
QUOTES_DAILY_IT,2026-06-16 08:42:53.512 -0700,92,91,SUCCEEDED
QUOTES_IT,2026-06-16 08:43:59.182 -0700,158,157,SUCCEEDED
QUOTES_DAILY_IT,2026-06-16 08:45:08.212 -0700,131,129,SUCCEEDED
QUOTES_DAILY_IT,2026-06-16 08:48:44.366 -0700,155,154,SUCCEEDED
QUOTES_IT,2026-06-16 08:50:20.159 -0700,155,154,SUCCEEDED
QUOTES_DAILY_IT,2026-06-16 08:52:46.254 -0700,109,108,SUCCEEDED
QUOTES_DAILY_IT,2026-06-16 08:55:27.179 -0700,78,77,SUCCEEDED
QUOTES_IT,2026-06-16 08:56:44.380 -0700,155,154,SUCCEEDED
QUOTES_DAILY_IT,2026-06-16 08:57:41.349 -0700,116,115,SUCCEEDED
QUOTES_DAILY_IT,2026-06-16 09:01:02.275 -0700,125,124,SUCCEEDED
QUOTES_IT,2026-06-16 09:03:05.474 -0700,152,151,SUCCEEDED
QUOTES_DAILY_IT,2026-06-16 09:04:45.876 -0700,156,155,SUCCEEDED
QUOTES_DAILY_IT,2026-06-16 09:08:44.238 -0700,107,106,SUCCEEDED
QUOTES_IT,2026-06-16 09:09:27.148 -0700,150,149,SUCCEEDED
QUOTES_DAILY_IT,2026-06-16 09:12:27.479 -0700,138,137,SUCCEEDED
QUOTES_IT,2026-06-16 09:15:49.743 -0700,148,147,SUCCEEDED
QUOTES_DAILY_IT,2026-06-16 09:16:00.581 -0700,159,158,SUCCEEDED
QUOTES_DAILY_IT,2026-06-16 09:18:22.909 -0700,110,108,SUCCEEDED
QUOTES_DAILY_IT,2026-06-16 09:22:08.897 -0700,144,142,SUCCEEDED
QUOTES_IT,2026-06-16 09:22:18.542 -0700,153,152,SUCCEEDED
QUOTES_DAILY_IT,2026-06-16 09:25:33.306 -0700,156,155,SUCCEEDED
QUOTES_DAILY_IT,2026-06-16 09:27:31.466 -0700,82,81,SUCCEEDED
QUOTES_IT,2026-06-16 09:28:45.490 -0700,156,155,SUCCEEDED
QUOTES_DAILY_IT,2026-06-16 09:29:38.271 -0700,113,112,SUCCEEDED
QUOTES_DAILY_IT,2026-06-16 09:33:16.907 -0700,140,138,SUCCEEDED
QUOTES_IT,2026-06-16 09:35:02.534 -0700,149,148,SUCCEEDED
QUOTES_DAILY_IT,2026-06-16 09:36:45.807 -0700,156,155,SUCCEEDED
QUOTES_DAILY_IT,2026-06-16 09:40:50.377 -0700,113,112,SUCCEEDED
QUOTES_IT,2026-06-16 09:41:27.237 -0700,150,149,SUCCEEDED
QUOTES_DAILY_IT,2026-06-16 09:44:48.170 -0700,159,157,SUCCEEDED
QUOTES_DAILY_IT,2026-06-16 09:46:59.655 -0700,98,97,SUCCEEDED
QUOTES_IT,2026-06-16 09:47:56.069 -0700,155,153,SUCCEEDED
QUOTES_DAILY_IT,2026-06-16 09:50:28.113 -0700,115,114,SUCCEEDED
QUOTES_IT,2026-06-16 09:54:16.238 -0700,151,150,SUCCEEDED
QUOTES_DAILY_IT,2026-06-16 09:54:16.886 -0700,151,150,SUCCEEDED
QUOTES_DAILY_IT,2026-06-16 09:57:50.802 -0700,173,172,SUCCEEDED
QUOTES_DAILY_IT,2026-06-16 10:00:09.599 -0700,120,119,SUCCEEDED
QUOTES_IT,2026-06-16 10:00:42.855 -0700,153,152,SUCCEEDED
QUOTES_DAILY_IT,2026-06-16 10:03:31.407 -0700,130,129,SUCCEEDED
QUOTES_IT,2026-06-16 10:07:04.209 -0700,151,150,SUCCEEDED
QUOTES_DAILY_IT,2026-06-16 10:07:13.828 -0700,160,160,SUCCEEDED
QUOTES_DAILY_IT,2026-06-16 10:09:29.163 -0700,104,103,SUCCEEDED
QUOTES_DAILY_IT,2026-06-16 10:13:19.370 -0700,142,141,SUCCEEDED
QUOTES_IT,2026-06-16 10:13:24.774 -0700,147,146,SUCCEEDED
QUOTES_DAILY_IT,2026-06-16 10:16:24.568 -0700,135,134,SUCCEEDED
QUOTES_DAILY_IT,2026-06-16 10:18:52.055 -0700,91,90,SUCCEEDED
QUOTES_IT,2026-06-16 10:19:51.894 -0700,151,149,SUCCEEDED
QUOTES_DAILY_IT,2026-06-16 10:20:49.752 -0700,112,112,SUCCEEDED
QUOTES_DAILY_IT,2026-06-16 10:24:13.521 -0700,124,123,SUCCEEDED
QUOTES_IT,2026-06-16 10:26:18.984 -0700,154,153,SUCCEEDED
QUOTES_DAILY_IT,2026-06-16 10:27:42.834 -0700,141,141,SUCCEEDED
QUOTES_DAILY_IT,2026-06-16 10:30:01.473 -0700,88,87,SUCCEEDED
QUOTES_DAILY_IT,2026-06-16 10:31:49.834 -0700,100,99,SUCCEEDED
QUOTES_IT,2026-06-16 10:32:46.423 -0700,157,155,SUCCEEDED
QUOTES_DAILY_IT,2026-06-16 10:35:47.217 -0700,146,145,SUCCEEDED
QUOTES_DAILY_IT,2026-06-16 10:38:42.655 -0700,129,128,SUCCEEDED
QUOTES_IT,2026-06-16 10:39:01.871 -0700,148,148,SUCCEEDED
QUOTES_DAILY_IT,2026-06-16 10:41:33.568 -0700,108,107,SUCCEEDED
QUOTES_DAILY_IT,2026-06-16 10:44:49.782 -0700,112,112,SUCCEEDED
QUOTES_IT,2026-06-16 10:45:31.783 -0700,154,154,SUCCEEDED
QUOTES_DAILY_IT,2026-06-16 10:48:41.950 -0700,153,151,SUCCEEDED
QUOTES_DAILY_IT,2026-06-16 10:51:41.040 -0700,140,139,SUCCEEDED
QUOTES_IT,2026-06-16 10:51:56.546 -0700,155,154,SUCCEEDED
QUOTES_DAILY_IT,2026-06-16 10:54:15.041 -0700,102,101,SUCCEEDED
QUOTES_DAILY_IT,2026-06-16 10:57:54.714 -0700,129,129,SUCCEEDED
QUOTES_IT,2026-06-16 10:58:19.441 -0700,154,153,SUCCEEDED
QUOTES_DAILY_IT,2026-06-16 11:01:38.542 -0700,161,160,SUCCEEDED
QUOTES_DAILY_IT,2026-06-16 11:04:29.828 -0700,140,139,SUCCEEDED
QUOTES_IT,2026-06-16 11:04:45.905 -0700,157,155,SUCCEEDED
QUOTES_DAILY_IT,2026-06-16 11:07:09.415 -0700,108,107,SUCCEEDED
QUOTES_DAILY_IT,2026-06-16 11:10:58.176 -0700,145,143,SUCCEEDED
QUOTES_IT,2026-06-16 11:11:03.105 -0700,150,148,SUCCEEDED
QUOTES_DAILY_IT,2026-06-16 11:14:30.664 -0700,165,164,SUCCEEDED
QUOTES_DAILY_IT,2026-06-16 11:16:32.330 -0700,95,94,SUCCEEDED
QUOTES_IT,2026-06-16 11:17:24.599 -0700,147,146,SUCCEEDED
QUOTES_DAILY_IT,2026-06-16 11:18:25.401 -0700,112,111,SUCCEEDED
QUOTES_DAILY_IT,2026-06-16 11:21:44.063 -0700,119,117,SUCCEEDED
QUOTES_IT,2026-06-16 11:23:44.775 -0700,143,142,SUCCEEDED
QUOTES_DAILY_IT,2026-06-16 11:25:39.066 -0700,162,160,SUCCEEDED
QUOTES_DAILY_IT,2026-06-16 11:29:17.994 -0700,93,91,SUCCEEDED
QUOTES_IT,2026-06-16 11:30:18.299 -0700,153,152,SUCCEEDED
QUOTES_DAILY_IT,2026-06-16 11:31:18.582 -0700,117,115,SUCCEEDED
QUOTES_DAILY_IT,2026-06-16 11:35:07.262 -0700,154,151,SUCCEEDED
QUOTES_IT,2026-06-16 11:36:31.636 -0700,142,141,SUCCEEDED
QUOTES_DAILY_IT,2026-06-16 11:38:58.041 -0700,97,96,SUCCEEDED
QUOTES_DAILY_IT,2026-06-16 11:41:01.785 -0700,124,123,SUCCEEDED
QUOTES_IT,2026-06-16 11:43:01.858 -0700,148,147,SUCCEEDED
QUOTES_DAILY_IT,2026-06-16 11:44:18.444 -0700,129,128,SUCCEEDED
QUOTES_DAILY_IT,2026-06-16 11:47:01.623 -0700,100,99,SUCCEEDED
QUOTES_IT,2026-06-16 11:49:26.150 -0700,149,147,SUCCEEDED
QUOTES_DAILY_IT,2026-06-16 11:50:23.761 -0700,110,109,SUCCEEDED
QUOTES_DAILY_IT,2026-06-16 11:54:08.319 -0700,143,141,SUCCEEDED
QUOTES_IT,2026-06-16 11:55:46.637 -0700,145,144,SUCCEEDED
QUOTES_DAILY_IT,2026-06-16 11:56:26.448 -0700,89,88,SUCCEEDED
QUOTES_DAILY_IT,2026-06-16 11:58:02.438 -0700,89,88,SUCCEEDED
QUOTES_DAILY_IT,2026-06-16 11:59:49.174 -0700,100,99,SUCCEEDED
QUOTES_IT,2026-06-16 12:02:17.245 -0700,152,151,SUCCEEDED
QUOTES_DAILY_IT,2026-06-16 12:03:13.132 -0700,112,110,SUCCEEDED
QUOTES_DAILY_IT,2026-06-16 12:06:50.560 -0700,137,136,SUCCEEDED
QUOTES_IT,2026-06-16 12:08:26.858 -0700,137,136,SUCCEEDED
QUOTES_DAILY_IT,2026-06-16 12:09:14.101 -0700,89,87,SUCCEEDED
QUOTES_DAILY_IT,2026-06-16 12:11:36.249 -0700,135,134,SUCCEEDED
QUOTES_DAILY_IT,2026-06-16 12:15:02.098 -0700,149,148,SUCCEEDED
QUOTES_IT,2026-06-16 12:15:04.699 -0700,151,150,SUCCEEDED
QUOTES_DAILY_IT,2026-06-16 12:18:08.524 -0700,143,142,SUCCEEDED
QUOTES_IT,2026-06-16 12:21:27.236 -0700,150,149,SUCCEEDED
QUOTES_DAILY_IT,2026-06-16 12:21:28.150 -0700,151,150,SUCCEEDED
QUOTES_DAILY_IT,2026-06-16 12:24:43.206 -0700,154,153,SUCCEEDED
QUOTES_DAILY_IT,2026-06-16 12:27:14.484 -0700,113,112,SUCCEEDED
QUOTES_IT,2026-06-16 12:27:50.152 -0700,149,148,SUCCEEDED
QUOTES_DAILY_IT,2026-06-16 12:30:47.095 -0700,134,133,SUCCEEDED
QUOTES_DAILY_IT,2026-06-16 12:34:03.835 -0700,138,137,SUCCEEDED
QUOTES_IT,2026-06-16 12:34:32.169 -0700,167,166,SUCCEEDED
QUOTES_DAILY_IT,2026-06-16 12:37:16.996 -0700,140,138,SUCCEEDED
QUOTES_DAILY_IT,2026-06-16 12:40:32.402 -0700,143,142,SUCCEEDED
QUOTES_IT,2026-06-16 12:40:42.789 -0700,153,152,SUCCEEDED
QUOTES_DAILY_IT,2026-06-16 12:44:44.714 -0700,203,202,SUCCEEDED
QUOTES_IT,2026-06-16 12:47:07.051 -0700,154,153,SUCCEEDED
QUOTES_DAILY_IT,2026-06-16 12:50:11.740 -0700,146,145,SUCCEEDED
QUOTES_IT,2026-06-16 12:53:33.530 -0700,156,155,SUCCEEDED
QUOTES_DAILY_IT,2026-06-16 12:53:46.150 -0700,169,168,SUCCEEDED
QUOTES_DAILY_IT,2026-06-16 12:56:15.190 -0700,126,124,SUCCEEDED
QUOTES_IT,2026-06-16 12:59:46.240 -0700,145,144,SUCCEEDED
QUOTES_DAILY_IT,2026-06-16 12:59:57.586 -0700,156,155,SUCCEEDED
QUOTES_DAILY_IT,2026-06-16 13:02:48.384 -0700,135,133,SUCCEEDED
QUOTES_DAILY_IT,2026-06-16 13:06:03.916 -0700,139,137,SUCCEEDED
QUOTES_IT,2026-06-16 13:06:19.456 -0700,154,153,SUCCEEDED
QUOTES_DAILY_IT,2026-06-16 13:09:04.657 -0700,127,126,SUCCEEDED
QUOTES_IT,2026-06-16 13:12:38.116 -0700,149,148,SUCCEEDED
QUOTES_DAILY_IT,2026-06-16 13:12:52.157 -0700,163,162,SUCCEEDED
QUOTES_DAILY_IT,2026-06-16 13:15:10.866 -0700,109,109,SUCCEEDED
QUOTES_DAILY_IT,2026-06-16 13:18:38.881 -0700,125,124,SUCCEEDED
QUOTES_IT,2026-06-16 13:19:05.698 -0700,152,151,SUCCEEDED
QUOTES_DAILY_IT,2026-06-16 13:22:32.537 -0700,167,166,SUCCEEDED
QUOTES_DAILY_IT,2026-06-16 13:24:33.273 -0700,96,95,SUCCEEDED
QUOTES_IT,2026-06-16 13:25:29.198 -0700,152,151,SUCCEEDED
QUOTES_DAILY_IT,2026-06-16 13:26:40.963 -0700,128,127,SUCCEEDED
QUOTES_DAILY_IT,2026-06-16 13:30:00.095 -0700,135,134,SUCCEEDED
QUOTES_IT,2026-06-16 13:31:49.923 -0700,149,147,SUCCEEDED
QUOTES_DAILY_IT,2026-06-16 13:33:26.905 -0700,150,148,SUCCEEDED
QUOTES_DAILY_IT,2026-06-16 13:38:06.333 -0700,141,140,SUCCEEDED
QUOTES_IT,2026-06-16 13:38:23.345 -0700,158,157,SUCCEEDED
QUOTES_DAILY_IT,2026-06-16 13:41:27.579 -0700,150,149,SUCCEEDED
QUOTES_DAILY_IT,2026-06-16 13:44:37.491 -0700,148,146,SUCCEEDED
QUOTES_IT,2026-06-16 13:44:40.393 -0700,151,149,SUCCEEDED
QUOTES_DAILY_IT,2026-06-16 13:48:08.667 -0700,167,166,SUCCEEDED
QUOTES_IT,2026-06-16 13:51:02.684 -0700,149,148,SUCCEEDED
QUOTES_DAILY_IT,2026-06-16 13:51:48.519 -0700,195,194,SUCCEEDED
QUOTES_IT,2026-06-16 13:57:28.542 -0700,151,150,SUCCEEDED
QUOTES_DAILY_IT,2026-06-16 13:57:45.634 -0700,168,167,SUCCEEDED
QUOTES_DAILY_IT,2026-06-16 14:01:13.882 -0700,184,183,SUCCEEDED
QUOTES_DAILY_IT,2026-06-16 14:03:15.903 -0700,115,113,SUCCEEDED
QUOTES_IT,2026-06-16 14:03:47.331 -0700,146,145,SUCCEEDED
QUOTES_DAILY_IT,2026-06-16 14:06:59.075 -0700,146,144,SUCCEEDED
QUOTES_IT,2026-06-16 14:10:16.281 -0700,151,150,SUCCEEDED
QUOTES_DAILY_IT,2026-06-16 14:10:24.428 -0700,159,158,SUCCEEDED
QUOTES_DAILY_IT,2026-06-16 14:13:54.795 -0700,177,176,SUCCEEDED
QUOTES_DAILY_IT,2026-06-16 14:16:09.667 -0700,120,119,SUCCEEDED
QUOTES_IT,2026-06-16 14:16:35.799 -0700,146,145,SUCCEEDED
QUOTES_DAILY_IT,2026-06-16 14:19:34.064 -0700,133,132,SUCCEEDED
QUOTES_IT,2026-06-16 14:22:58.494 -0700,145,144,SUCCEEDED
QUOTES_DAILY_IT,2026-06-16 14:24:06.961 -0700,214,213,SUCCEEDED
QUOTES_DAILY_IT,2026-06-16 14:29:03.589 -0700,126,125,SUCCEEDED
QUOTES_IT,2026-06-16 14:29:25.752 -0700,148,147,SUCCEEDED
QUOTES_DAILY_IT,2026-06-16 14:33:55.608 -0700,226,224,SUCCEEDED
QUOTES_IT,2026-06-16 14:35:47.519 -0700,146,145,SUCCEEDED
QUOTES_DAILY_IT,2026-06-16 14:39:27.593 -0700,174,173,SUCCEEDED
QUOTES_DAILY_IT,2026-06-16 14:42:14.821 -0700,149,149,SUCCEEDED
QUOTES_IT,2026-06-16 14:42:16.815 -0700,151,151,SUCCEEDED
QUOTES_DAILY_IT,2026-06-16 14:46:43.737 -0700,226,225,SUCCEEDED
QUOTES_IT,2026-06-16 14:48:37.428 -0700,148,147,SUCCEEDED
QUOTES_DAILY_IT,2026-06-16 14:52:06.385 -0700,165,164,SUCCEEDED
QUOTES_IT,2026-06-16 14:55:00.548 -0700,147,146,SUCCEEDED
QUOTES_DAILY_IT,2026-06-16 14:55:23.184 -0700,170,169,SUCCEEDED
QUOTES_DAILY_IT,2026-06-16 14:58:02.448 -0700,137,136,SUCCEEDED
QUOTES_IT,2026-06-16 15:01:30.325 -0700,153,152,SUCCEEDED
QUOTES_DAILY_IT,2026-06-16 15:01:46.085 -0700,169,167,SUCCEEDED
QUOTES_DAILY_IT,2026-06-16 15:04:45.684 -0700,156,155,SUCCEEDED
QUOTES_IT,2026-06-16 15:07:51.665 -0700,150,149,SUCCEEDED
QUOTES_DAILY_IT,2026-06-16 15:09:24.236 -0700,243,242,SUCCEEDED
QUOTES_DAILY_IT,2026-06-16 15:14:11.541 -0700,146,145,SUCCEEDED
QUOTES_IT,2026-06-16 15:14:13.779 -0700,148,147,SUCCEEDED
QUOTES_DAILY_IT,2026-06-16 15:17:51.215 -0700,174,173,SUCCEEDED
QUOTES_DAILY_IT,2026-06-16 15:20:29.275 -0700,140,139,SUCCEEDED
QUOTES_IT,2026-06-16 15:20:37.480 -0700,148,147,SUCCEEDED
QUOTES_DAILY_IT,2026-06-16 15:23:42.673 -0700,141,140,SUCCEEDED
QUOTES_IT,2026-06-16 15:27:01.040 -0700,148,146,SUCCEEDED
QUOTES_DAILY_IT,2026-06-16 15:27:37.178 -0700,184,183,SUCCEEDED
QUOTES_DAILY_IT,2026-06-16 15:29:38.370 -0700,113,112,SUCCEEDED
QUOTES_IT,2026-06-16 15:33:29.261 -0700,152,151,SUCCEEDED
QUOTES_DAILY_IT,2026-06-16 15:34:25.434 -0700,208,207,SUCCEEDED
QUOTES_IT,2026-06-16 15:39:50.729 -0700,149,148,SUCCEEDED
QUOTES_DAILY_IT,2026-06-16 15:40:04.628 -0700,163,162,SUCCEEDED
QUOTES_DAILY_IT,2026-06-16 15:42:52.895 -0700,140,138,SUCCEEDED
QUOTES_IT,2026-06-16 15:46:21.676 -0700,156,155,SUCCEEDED
QUOTES_DAILY_IT,2026-06-16 15:46:28.903 -0700,164,162,SUCCEEDED
QUOTES_DAILY_IT,2026-06-16 15:50:01.282 -0700,184,182,SUCCEEDED
QUOTES_DAILY_IT,2026-06-16 15:52:10.562 -0700,121,120,SUCCEEDED
QUOTES_IT,2026-06-16 15:52:41.100 -0700,152,151,SUCCEEDED
QUOTES_DAILY_IT,2026-06-16 15:55:45.170 -0700,144,143,SUCCEEDED
QUOTES_DAILY_IT,2026-06-16 15:58:44.457 -0700,131,130,SUCCEEDED
QUOTES_IT,2026-06-16 15:59:06.733 -0700,153,152,SUCCEEDED
QUOTES_DAILY_IT,2026-06-16 16:04:29.194 -0700,284,283,SUCCEEDED
QUOTES_IT,2026-06-16 16:05:12.722 -0700,135,134,SUCCEEDED
QUOTES_IT,2026-06-16 16:11:53.564 -0700,152,151,SUCCEEDED
QUOTES_DAILY_IT,2026-06-16 16:11:56.185 -0700,155,154,SUCCEEDED
QUOTES_DAILY_IT,2026-06-16 16:14:43.337 -0700,130,129,SUCCEEDED
QUOTES_IT,2026-06-16 16:18:17.326 -0700,152,150,SUCCEEDED
QUOTES_DAILY_IT,2026-06-16 16:19:03.989 -0700,199,197,SUCCEEDED
QUOTES_IT,2026-06-16 16:24:40.208 -0700,151,149,SUCCEEDED
QUOTES_DAILY_IT,2026-06-16 16:24:58.207 -0700,169,167,SUCCEEDED
QUOTES_DAILY_IT,2026-06-16 16:27:51.657 -0700,150,149,SUCCEEDED
QUOTES_DAILY_IT,2026-06-16 16:30:53.225 -0700,140,139,SUCCEEDED
QUOTES_IT,2026-06-16 16:31:04.371 -0700,151,150,SUCCEEDED
QUOTES_DAILY_IT,2026-06-16 16:34:35.249 -0700,170,169,SUCCEEDED
QUOTES_DAILY_IT,2026-06-16 16:37:24.990 -0700,148,147,SUCCEEDED
QUOTES_IT,2026-06-16 16:37:26.940 -0700,150,149,SUCCEEDED
QUOTES_DAILY_IT,2026-06-16 16:40:38.107 -0700,149,148,SUCCEEDED
QUOTES_IT,2026-06-16 16:43:53.726 -0700,152,151,SUCCEEDED
QUOTES_DAILY_IT,2026-06-16 16:44:13.776 -0700,172,171,SUCCEEDED
QUOTES_DAILY_IT,2026-06-16 16:47:51.967 -0700,199,197,SUCCEEDED
QUOTES_IT,2026-06-16 16:50:18.448 -0700,153,152,SUCCEEDED
QUOTES_DAILY_IT,2026-06-16 16:54:32.085 -0700,215,214,SUCCEEDED
QUOTES_IT,2026-06-16 16:56:39.806 -0700,150,149,SUCCEEDED
QUOTES_DAILY_IT,2026-06-16 17:00:43.539 -0700,202,201,SUCCEEDED
QUOTES_IT,2026-06-16 17:03:15.612 -0700,162,160,SUCCEEDED
QUOTES_DAILY_IT,2026-06-16 17:06:14.411 -0700,149,148,SUCCEEDED
QUOTES_DAILY_IT,2026-06-16 17:09:25.377 -0700,148,147,SUCCEEDED
QUOTES_IT,2026-06-16 17:09:27.286 -0700,150,149,SUCCEEDED
QUOTES_DAILY_IT,2026-06-16 17:12:35.235 -0700,146,145,SUCCEEDED
QUOTES_IT,2026-06-16 17:15:50.427 -0700,149,148,SUCCEEDED
QUOTES_DAILY_IT,2026-06-16 17:16:05.435 -0700,164,163,SUCCEEDED
QUOTES_DAILY_IT,2026-06-16 17:19:39.915 -0700,187,185,SUCCEEDED
QUOTES_DAILY_IT,2026-06-16 17:22:12.287 -0700,147,146,SUCCEEDED
QUOTES_IT,2026-06-16 17:22:15.649 -0700,150,149,SUCCEEDED
QUOTES_DAILY_IT,2026-06-16 17:25:34.489 -0700,157,156,SUCCEEDED
QUOTES_IT,2026-06-16 17:28:41.810 -0700,152,152,SUCCEEDED
QUOTES_DAILY_IT,2026-06-16 17:29:19.498 -0700,190,189,SUCCEEDED
QUOTES_DAILY_IT,2026-06-16 17:31:40.423 -0700,139,138,SUCCEEDED
QUOTES_IT,2026-06-16 17:35:04.610 -0700,151,150,SUCCEEDED
QUOTES_DAILY_IT,2026-06-16 17:35:22.079 -0700,169,168,SUCCEEDED
QUOTES_DAILY_IT,2026-06-16 17:39:21.396 -0700,216,214,SUCCEEDED
QUOTES_IT,2026-06-16 17:41:26.525 -0700,149,148,SUCCEEDED
QUOTES_DAILY_IT,2026-06-16 17:45:39.519 -0700,210,209,SUCCEEDED
QUOTES_IT,2026-06-16 17:47:54.779 -0700,153,152,SUCCEEDED
QUOTES_DAILY_IT,2026-06-16 17:51:54.572 -0700,201,200,SUCCEEDED
QUOTES_IT,2026-06-16 17:54:13.065 -0700,148,147,SUCCEEDED
QUOTES_DAILY_IT,2026-06-16 17:57:21.267 -0700,144,143,SUCCEEDED
QUOTES_DAILY_IT,2026-06-16 18:00:21.026 -0700,132,131,SUCCEEDED
QUOTES_IT,2026-06-16 18:00:37.971 -0700,149,148,SUCCEEDED
QUOTES_DAILY_IT,2026-06-16 18:04:24.242 -0700,183,181,SUCCEEDED
QUOTES_IT,2026-06-16 18:06:49.030 -0700,136,135,SUCCEEDED
QUOTES_DAILY_IT,2026-06-16 18:07:10.878 -0700,157,157,SUCCEEDED
QUOTES_DAILY_IT,2026-06-16 18:11:18.856 -0700,213,213,SUCCEEDED
QUOTES_IT,2026-06-16 18:13:14.370 -0700,137,136,SUCCEEDED
QUOTES_DAILY_IT,2026-06-16 18:17:41.374 -0700,212,211,SUCCEEDED
QUOTES_IT,2026-06-16 18:19:47.351 -0700,146,145,SUCCEEDED
QUOTES_DAILY_IT,2026-06-16 18:23:35.904 -0700,183,182,SUCCEEDED
QUOTES_DAILY_IT,2026-06-16 18:26:09.401 -0700,144,143,SUCCEEDED
QUOTES_IT,2026-06-16 18:26:16.920 -0700,152,151,SUCCEEDED
QUOTES_DAILY_IT,2026-06-16 18:29:49.338 -0700,172,171,SUCCEEDED
QUOTES_IT,2026-06-16 18:32:26.633 -0700,137,136,SUCCEEDED
QUOTES_DAILY_IT,2026-06-16 18:33:23.564 -0700,194,193,SUCCEEDED
QUOTES_IT,2026-06-16 18:39:00.822 -0700,147,146,SUCCEEDED
QUOTES_DAILY_IT,2026-06-16 18:39:54.802 -0700,201,200,SUCCEEDED
QUOTES_IT,2026-06-16 18:45:16.723 -0700,139,138,SUCCEEDED
QUOTES_DAILY_IT,2026-06-16 18:46:00.526 -0700,183,181,SUCCEEDED
QUOTES_DAILY_IT,2026-06-16 18:49:27.887 -0700,198,197,SUCCEEDED
QUOTES_IT,2026-06-16 18:51:43.126 -0700,142,141,SUCCEEDED
QUOTES_DAILY_IT,2026-06-16 18:55:56.703 -0700,203,202,SUCCEEDED
QUOTES_IT,2026-06-16 18:58:17.870 -0700,152,151,SUCCEEDED
QUOTES_DAILY_IT,2026-06-16 19:01:35.328 -0700,158,157,SUCCEEDED
QUOTES_IT,2026-06-16 19:04:31.334 -0700,142,140,SUCCEEDED
QUOTES_DAILY_IT,2026-06-16 19:04:45.351 -0700,156,154,SUCCEEDED
QUOTES_DAILY_IT,2026-06-16 19:09:05.500 -0700,224,223,SUCCEEDED
QUOTES_IT,2026-06-16 19:11:04.916 -0700,152,150,SUCCEEDED
QUOTES_DAILY_IT,2026-06-16 19:14:43.921 -0700,179,178,SUCCEEDED
QUOTES_DAILY_IT,2026-06-16 19:17:18.599 -0700,141,140,SUCCEEDED
QUOTES_IT,2026-06-16 19:17:29.008 -0700,152,150,SUCCEEDED
QUOTES_DAILY_IT,2026-06-16 19:21:08.622 -0700,179,178,SUCCEEDED
QUOTES_IT,2026-06-16 19:23:51.651 -0700,150,149,SUCCEEDED
QUOTES_DAILY_IT,2026-06-16 19:24:45.867 -0700,204,203,SUCCEEDED
QUOTES_IT,2026-06-16 19:30:14.631 -0700,149,148,SUCCEEDED
QUOTES_DAILY_IT,2026-06-16 19:31:17.660 -0700,212,211,SUCCEEDED
QUOTES_IT,2026-06-16 19:36:39.645 -0700,150,149,SUCCEEDED
QUOTES_DAILY_IT,2026-06-16 19:37:19.222 -0700,190,189,SUCCEEDED
QUOTES_DAILY_IT,2026-06-16 19:40:04.138 -0700,163,162,SUCCEEDED
QUOTES_IT,2026-06-16 19:43:01.635 -0700,148,147,SUCCEEDED
QUOTES_DAILY_IT,2026-06-16 19:43:23.865 -0700,170,169,SUCCEEDED
QUOTES_DAILY_IT,2026-06-16 19:47:42.561 -0700,237,236,SUCCEEDED
QUOTES_IT,2026-06-16 19:49:35.334 -0700,158,157,SUCCEEDED
QUOTES_DAILY_IT,2026-06-16 19:53:47.179 -0700,218,217,SUCCEEDED
QUOTES_IT,2026-06-16 19:55:59.312 -0700,158,157,SUCCEEDED
QUOTES_DAILY_IT,2026-06-16 19:59:32.034 -0700,179,177,SUCCEEDED
QUOTES_IT,2026-06-16 20:02:17.885 -0700,152,151,SUCCEEDED
QUOTES_DAILY_IT,2026-06-16 20:02:59.678 -0700,194,193,SUCCEEDED
QUOTES_IT,2026-06-16 20:08:41.151 -0700,152,150,SUCCEEDED
QUOTES_DAILY_IT,2026-06-16 20:09:35.222 -0700,206,204,SUCCEEDED
QUOTES_IT,2026-06-16 20:14:50.254 -0700,137,136,SUCCEEDED
QUOTES_DAILY_IT,2026-06-16 20:15:53.172 -0700,200,198,SUCCEEDED
QUOTES_IT,2026-06-16 20:21:23.292 -0700,146,145,SUCCEEDED
QUOTES_DAILY_IT,2026-06-16 20:23:19.142 -0700,262,260,SUCCEEDED
QUOTES_IT,2026-06-16 20:27:48.321 -0700,147,146,SUCCEEDED
QUOTES_DAILY_IT,2026-06-16 20:28:48.093 -0700,207,206,SUCCEEDED
QUOTES_IT,2026-06-16 20:34:15.956 -0700,151,149,SUCCEEDED
QUOTES_DAILY_IT,2026-06-16 20:35:19.946 -0700,215,213,SUCCEEDED
QUOTES_IT,2026-06-16 20:40:29.023 -0700,140,138,SUCCEEDED
QUOTES_DAILY_IT,2026-06-16 20:42:19.400 -0700,250,249,SUCCEEDED
QUOTES_IT,2026-06-16 20:47:01.532 -0700,148,147,SUCCEEDED
QUOTES_DAILY_IT,2026-06-16 20:47:44.990 -0700,192,190,SUCCEEDED
QUOTES_DAILY_IT,2026-06-16 20:51:15.146 -0700,210,209,SUCCEEDED
QUOTES_IT,2026-06-16 20:53:28.731 -0700,151,150,SUCCEEDED
QUOTES_DAILY_IT,2026-06-16 20:57:00.510 -0700,171,170,SUCCEEDED
QUOTES_IT,2026-06-16 20:59:48.857 -0700,147,146,SUCCEEDED
QUOTES_DAILY_IT,2026-06-16 21:00:16.124 -0700,175,174,SUCCEEDED
QUOTES_DAILY_IT,2026-06-16 21:03:03.800 -0700,150,149,SUCCEEDED
QUOTES_IT,2026-06-16 21:06:05.266 -0700,140,139,SUCCEEDED
QUOTES_DAILY_IT,2026-06-16 21:07:00.721 -0700,195,194,SUCCEEDED
QUOTES_IT,2026-06-16 21:12:49.360 -0700,160,158,SUCCEEDED
QUOTES_DAILY_IT,2026-06-16 21:14:01.273 -0700,232,230,SUCCEEDED
QUOTES_IT,2026-06-16 21:19:02.708 -0700,149,148,SUCCEEDED
QUOTES_DAILY_IT,2026-06-16 21:19:30.506 -0700,177,175,SUCCEEDED
QUOTES_DAILY_IT,2026-06-16 21:22:54.043 -0700,189,187,SUCCEEDED
QUOTES_IT,2026-06-16 21:25:26.968 -0700,150,149,SUCCEEDED
QUOTES_DAILY_IT,2026-06-16 21:27:39.603 -0700,282,281,SUCCEEDED
QUOTES_IT,2026-06-16 21:31:51.016 -0700,150,149,SUCCEEDED
QUOTES_DAILY_IT,2026-06-16 21:32:22.774 -0700,181,181,SUCCEEDED
QUOTES_DAILY_IT,2026-06-16 21:35:33.526 -0700,180,179,SUCCEEDED
QUOTES_IT,2026-06-16 21:38:12.665 -0700,147,146,SUCCEEDED
QUOTES_DAILY_IT,2026-06-16 21:39:06.782 -0700,201,200,SUCCEEDED
QUOTES_IT,2026-06-16 21:44:38.424 -0700,149,148,SUCCEEDED
QUOTES_DAILY_IT,2026-06-16 21:45:07.262 -0700,178,177,SUCCEEDED
QUOTES_DAILY_IT,2026-06-16 21:48:01.976 -0700,161,160,SUCCEEDED
QUOTES_IT,2026-06-16 21:51:05.018 -0700,152,149,SUCCEEDED
QUOTES_DAILY_IT,2026-06-16 21:52:24.151 -0700,231,228,SUCCEEDED
QUOTES_IT,2026-06-16 21:57:28.182 -0700,151,150,SUCCEEDED
QUOTES_DAILY_IT,2026-06-16 21:58:36.461 -0700,219,218,SUCCEEDED
QUOTES_IT,2026-06-16 22:03:41.049 -0700,140,138,SUCCEEDED
QUOTES_DAILY_IT,2026-06-16 22:05:55.085 -0700,274,272,SUCCEEDED
QUOTES_IT,2026-06-16 22:10:06.262 -0700,141,140,SUCCEEDED
QUOTES_DAILY_IT,2026-06-16 22:12:11.247 -0700,266,264,SUCCEEDED
QUOTES_IT,2026-06-16 22:16:43.919 -0700,155,153,SUCCEEDED
QUOTES_DAILY_IT,2026-06-16 22:19:19.446 -0700,310,309,SUCCEEDED
QUOTES_IT,2026-06-16 22:23:03.441 -0700,150,149,SUCCEEDED
QUOTES_DAILY_IT,2026-06-16 22:23:49.585 -0700,196,195,SUCCEEDED
QUOTES_IT,2026-06-16 22:29:27.696 -0700,150,149,SUCCEEDED
QUOTES_DAILY_IT,2026-06-16 22:31:20.228 -0700,263,262,SUCCEEDED
QUOTES_IT,2026-06-16 22:35:42.267 -0700,141,140,SUCCEEDED
QUOTES_DAILY_IT,2026-06-16 22:36:57.366 -0700,216,215,SUCCEEDED
QUOTES_IT,2026-06-16 22:42:09.011 -0700,144,142,SUCCEEDED
QUOTES_DAILY_IT,2026-06-16 22:43:49.821 -0700,244,243,SUCCEEDED
QUOTES_IT,2026-06-16 22:48:37.808 -0700,148,147,SUCCEEDED
QUOTES_DAILY_IT,2026-06-16 22:49:30.912 -0700,202,200,SUCCEEDED
QUOTES_IT,2026-06-16 22:55:09.866 -0700,156,155,SUCCEEDED
QUOTES_DAILY_IT,2026-06-16 22:57:30.829 -0700,297,296,SUCCEEDED
QUOTES_IT,2026-06-16 23:01:31.117 -0700,154,153,SUCCEEDED
QUOTES_DAILY_IT,2026-06-16 23:02:26.194 -0700,209,208,SUCCEEDED
QUOTES_IT,2026-06-16 23:07:30.923 -0700,130,128,SUCCEEDED
QUOTES_DAILY_IT,2026-06-16 23:09:59.636 -0700,278,277,SUCCEEDED
QUOTES_IT,2026-06-16 23:14:12.984 -0700,148,146,SUCCEEDED
QUOTES_DAILY_IT,2026-06-16 23:15:45.899 -0700,241,239,SUCCEEDED
QUOTES_IT,2026-06-16 23:20:35.836 -0700,146,145,SUCCEEDED
QUOTES_DAILY_IT,2026-06-16 23:23:12.999 -0700,304,302,SUCCEEDED
QUOTES_IT,2026-06-16 23:27:04.213 -0700,151,150,SUCCEEDED
QUOTES_DAILY_IT,2026-06-16 23:29:17.778 -0700,284,283,SUCCEEDED
QUOTES_IT,2026-06-16 23:33:25.799 -0700,148,147,SUCCEEDED
QUOTES_DAILY_IT,2026-06-16 23:37:34.815 -0700,397,396,SUCCEEDED
QUOTES_IT,2026-06-16 23:39:44.517 -0700,143,142,SUCCEEDED
QUOTES_IT,2026-06-16 23:46:16.175 -0700,151,150,SUCCEEDED
QUOTES_DAILY_IT,2026-06-16 23:48:05.227 -0700,260,259,SUCCEEDED
QUOTES_IT,2026-06-16 23:52:29.576 -0700,140,139,SUCCEEDED
QUOTES_DAILY_IT,2026-06-16 23:53:57.023 -0700,228,227,SUCCEEDED
QUOTES_IT,2026-06-16 23:59:02.166 -0700,149,147,SUCCEEDED
QUOTES_DAILY_IT,2026-06-17 00:00:48.017 -0700,255,253,SUCCEEDED
QUOTES_IT,2026-06-17 00:05:10.904 -0700,134,132,SUCCEEDED
QUOTES_DAILY_IT,2026-06-17 00:07:21.068 -0700,264,262,SUCCEEDED
QUOTES_IT,2026-06-17 00:11:39.255 -0700,138,137,SUCCEEDED
QUOTES_DAILY_IT,2026-06-17 00:15:15.944 -0700,355,353,SUCCEEDED
QUOTES_IT,2026-06-17 00:18:15.865 -0700,150,149,SUCCEEDED
QUOTES_DAILY_IT,2026-06-17 00:19:58.513 -0700,253,252,SUCCEEDED
QUOTES_IT,2026-06-17 00:24:40.177 -0700,151,150,SUCCEEDED
QUOTES_DAILY_IT,2026-06-17 00:27:03.470 -0700,294,293,SUCCEEDED
QUOTES_IT,2026-06-17 00:30:58.073 -0700,145,144,SUCCEEDED
QUOTES_DAILY_IT,2026-06-17 00:35:31.298 -0700,418,417,SUCCEEDED
QUOTES_IT,2026-06-17 00:37:22.428 -0700,145,144,SUCCEEDED
QUOTES_IT,2026-06-17 00:43:42.928 -0700,142,140,SUCCEEDED
QUOTES_DAILY_IT,2026-06-17 00:45:09.435 -0700,228,227,SUCCEEDED
QUOTES_IT,2026-06-17 00:50:14.703 -0700,149,149,SUCCEEDED
QUOTES_DAILY_IT,2026-06-17 00:51:18.723 -0700,213,213,SUCCEEDED
QUOTES_IT,2026-06-17 00:56:33.825 -0700,144,143,SUCCEEDED
QUOTES_DAILY_IT,2026-06-17 00:58:01.901 -0700,233,231,SUCCEEDED
QUOTES_IT,2026-06-17 01:04:23.908 -0700,231,209,SUCCEEDED
QUOTES_DAILY_IT,2026-06-17 01:05:46.738 -0700,313,290,SUCCEEDED
QUOTES_IT,2026-06-17 01:09:12.453 -0700,135,134,SUCCEEDED
QUOTES_DAILY_IT,2026-06-17 01:10:50.346 -0700,233,231,SUCCEEDED
QUOTES_IT,2026-06-17 01:15:47.457 -0700,146,145,SUCCEEDED
QUOTES_DAILY_IT,2026-06-17 01:17:02.934 -0700,222,221,SUCCEEDED
QUOTES_IT,2026-06-17 01:22:13.425 -0700,148,147,SUCCEEDED
QUOTES_DAILY_IT,2026-06-17 01:23:18.027 -0700,213,211,SUCCEEDED
QUOTES_IT,2026-06-17 01:28:35.116 -0700,146,145,SUCCEEDED
QUOTES_DAILY_IT,2026-06-17 01:29:55.651 -0700,226,225,SUCCEEDED
QUOTES_IT,2026-06-17 01:35:11.309 -0700,158,156,SUCCEEDED
QUOTES_DAILY_IT,2026-06-17 01:36:45.606 -0700,252,251,SUCCEEDED
QUOTES_IT,2026-06-17 01:41:27.545 -0700,150,149,SUCCEEDED
QUOTES_DAILY_IT,2026-06-17 01:43:36.253 -0700,279,278,SUCCEEDED
QUOTES_IT,2026-06-17 01:47:53.044 -0700,152,151,SUCCEEDED
QUOTES_DAILY_IT,2026-06-17 01:50:50.634 -0700,329,328,SUCCEEDED
QUOTES_IT,2026-06-17 01:54:16.732 -0700,151,150,SUCCEEDED
QUOTES_DAILY_IT,2026-06-17 01:54:45.265 -0700,180,179,SUCCEEDED
QUOTES_IT,2026-06-17 02:00:43.798 -0700,154,153,SUCCEEDED
QUOTES_DAILY_IT,2026-06-17 02:00:57.767 -0700,360,359,SUCCEEDED
QUOTES_IT,2026-06-17 02:06:50.204 -0700,137,135,SUCCEEDED
QUOTES_DAILY_IT,2026-06-17 02:09:47.789 -0700,314,313,SUCCEEDED
QUOTES_IT,2026-06-17 02:13:23.472 -0700,146,144,SUCCEEDED
QUOTES_DAILY_IT,2026-06-17 02:14:42.271 -0700,225,223,SUCCEEDED
QUOTES_IT,2026-06-17 02:19:43.087 -0700,142,140,SUCCEEDED
QUOTES_DAILY_IT,2026-06-17 02:23:53.358 -0700,392,391,SUCCEEDED
QUOTES_IT,2026-06-17 02:26:06.898 -0700,142,140,SUCCEEDED
QUOTES_IT,2026-06-17 02:32:44.925 -0700,156,155,SUCCEEDED
QUOTES_DAILY_IT,2026-06-17 02:37:06.586 -0700,417,416,SUCCEEDED
QUOTES_IT,2026-06-17 02:38:53.343 -0700,140,139,SUCCEEDED
QUOTES_IT,2026-06-17 02:45:24.277 -0700,147,146,SUCCEEDED
QUOTES_DAILY_IT,2026-06-17 02:49:06.074 -0700,369,368,SUCCEEDED
QUOTES_IT,2026-06-17 02:51:44.153 -0700,143,141,SUCCEEDED
QUOTES_DAILY_IT,2026-06-17 02:53:11.091 -0700,230,228,SUCCEEDED
QUOTES_IT,2026-06-17 02:58:17.928 -0700,153,152,SUCCEEDED
QUOTES_DAILY_IT,2026-06-17 03:00:33.193 -0700,288,287,SUCCEEDED
QUOTES_IT,2026-06-17 03:04:31.805 -0700,142,141,SUCCEEDED
QUOTES_DAILY_IT,2026-06-17 03:07:12.975 -0700,304,302,SUCCEEDED
QUOTES_IT,2026-06-17 03:10:58.421 -0700,145,144,SUCCEEDED
QUOTES_DAILY_IT,2026-06-17 03:12:25.295 -0700,232,231,SUCCEEDED
QUOTES_IT,2026-06-17 03:17:11.548 -0700,134,133,SUCCEEDED
QUOTES_DAILY_IT,2026-06-17 03:18:35.702 -0700,218,217,SUCCEEDED
QUOTES_IT,2026-06-17 03:23:49.536 -0700,148,147,SUCCEEDED
QUOTES_DAILY_IT,2026-06-17 03:26:56.836 -0700,335,334,SUCCEEDED
QUOTES_IT,2026-06-17 03:30:17.954 -0700,153,152,SUCCEEDED
QUOTES_DAILY_IT,2026-06-17 03:31:31.994 -0700,227,226,SUCCEEDED
QUOTES_IT,2026-06-17 03:36:31.344 -0700,142,141,SUCCEEDED
QUOTES_DAILY_IT,2026-06-17 03:39:37.279 -0700,328,327,SUCCEEDED
QUOTES_IT,2026-06-17 03:43:00.900 -0700,148,146,SUCCEEDED
QUOTES_DAILY_IT,2026-06-17 03:45:05.158 -0700,272,270,SUCCEEDED
QUOTES_IT,2026-06-17 03:47:31.931 -0700,35,34,SUCCEEDED
QUOTES_DAILY_IT,2026-06-17 03:52:06.947 -0700,310,309,SUCCEEDED
